step,elapsed_tokens,elapsed_examples,training_loss,training_sequence_accuracy,training_token_accuracy,validation_loss,validation_sequence_accuracy,validation_token_accuracy,classification/accuracy,classification/precision,classification/recall,classification/auroc,classification/auprc,classification/f1.0
1,8448,256,0.5257039086726851,0.0,0.0,0.3934686892254732,0.0,0.0,,,,,,
2,16896,512,0.4955431980504033,0.0,0.0,,,,,,,,,
3,25344,768,0.3835134317536168,0.00390625,0.00390625,,,,,,,,,
4,33792,1024,0.2928507035223496,0.42578125,0.42578125,,,,,,,,,
5,42240,1280,0.23843024609040298,0.484375,0.484375,,,,,,,,,
6,50688,1536,0.21204504229028545,0.4921875,0.4921875,,,,,,,,,
7,59136,1792,0.20423760736537008,0.49609375,0.49609375,,,,,,,,,
8,67584,2048,0.20250697804191695,0.45703125,0.45703125,,,,,,,,,
9,76032,2304,0.18998819026576091,0.5234375,0.5234375,,,,,,,,,
10,84480,2560,0.1876960354643363,0.515625,0.515625,,,,,,,,,
11,92928,2816,0.18840805432975039,0.546875,0.546875,,,,,,,,,
12,101376,3072,0.1907672406418487,0.5546875,0.5546875,,,,,,,,,
13,109824,3328,0.18539584190369168,0.48828125,0.48828125,,,,,,,,,
14,118272,3584,0.18566827791281065,0.55078125,0.55078125,,,,,,,,,
15,126720,3840,0.18697071826412312,0.5546875,0.5546875,,,,,,,,,
16,135168,4096,0.18487814892516585,0.51171875,0.51171875,,,,,,,,,
17,143616,4352,0.17626903356057746,0.55078125,0.55078125,,,,,,,,,
18,152064,4608,0.17815055521515966,0.51953125,0.51953125,,,,,,,,,
19,160512,4864,0.18117192365866322,0.54296875,0.54296875,,,,,,,,,
20,168960,5120,0.17618263405507886,0.5703125,0.5703125,,,,,,,,,
21,177408,5376,0.18384659101678347,0.5078125,0.5078125,,,,,,,,,
22,183808,5632,0.22976458889196646,0.56640625,0.56640625,,,,,,,,,
23,192256,5888,0.17858378587123616,0.515625,0.515625,0.18103075103227204,0.60546875,0.60546875,,,,,,
24,200704,6144,0.18128091122627418,0.64453125,0.64453125,,,,,,,,,
25,209152,6400,0.1754729426055559,0.6640625,0.6640625,,,,,,,,,
26,217600,6656,0.18186758286904064,0.5546875,0.5546875,,,,,,,,,
27,226048,6912,0.17422669435915356,0.5859375,0.5859375,,,,,,,,,
28,234496,7168,0.18105463903255806,0.55078125,0.55078125,,,,,,,,,
29,242944,7424,0.17562805363770337,0.5390625,0.5390625,,,,,,,,,
30,251392,7680,0.17900884165118117,0.59375,0.59375,,,,,,,,,
31,259840,7936,0.18424386533909004,0.5546875,0.5546875,,,,,,,,,
32,268288,8192,0.17604056042959526,0.55078125,0.55078125,,,,,,,,,
33,276736,8448,0.17499350292807273,0.54296875,0.54296875,,,,,,,,,
34,285184,8704,0.17762581230889662,0.6171875,0.6171875,,,,,,,,,
35,293632,8960,0.1773135579526771,0.53515625,0.53515625,,,,,,,,,
36,304128,9216,0.14258990395167653,0.62109375,0.62109375,,,,,,,,,
37,312576,9472,0.18031882052508721,0.640625,0.640625,,,,,,,,,
38,321024,9728,0.17358304218797466,0.609375,0.609375,,,,,,,,,
39,329472,9984,0.17072827322417583,0.6015625,0.6015625,,,,,,,,,
40,337920,10240,0.17815121224735372,0.59765625,0.59765625,,,,,,,,,
41,346368,10496,0.1755363897251494,0.57421875,0.57421875,,,,,,,,,
42,354816,10752,0.17414181668574075,0.61328125,0.61328125,,,,,,,,,
43,363264,11008,0.1766832486737242,0.54296875,0.54296875,,,,,,,,,
44,371712,11264,0.17585745531959757,0.5390625,0.5390625,,,,,,,,,
45,380160,11520,0.17849623487490263,0.59765625,0.59765625,0.1745111956606147,0.55859375,0.55859375,,,,,,
46,388608,11776,0.17711845905042872,0.52734375,0.52734375,,,,,,,,,
47,397056,12032,0.17695817816283246,0.5390625,0.5390625,,,,,,,,,
48,405504,12288,0.17348861221728526,0.63671875,0.63671875,,,,,,,,,
49,413952,12544,0.16928320933418947,0.59375,0.59375,,,,,,,,,
50,422400,12800,0.17727958158988485,0.5859375,0.5859375,,,,,,,,,
51,430848,13056,0.17201278093479744,0.609375,0.609375,,,,,,,,,
52,439296,13312,0.17894875562774004,0.5546875,0.5546875,,,,,,,,,
53,447744,13568,0.16964562765439553,0.53125,0.53125,,,,,,,,,
54,456192,13824,0.17737692023205204,0.61328125,0.61328125,,,,,,,,,
55,464640,14080,0.17772219818841206,0.56640625,0.56640625,,,,,,,,,
56,473088,14336,0.17766857837259542,0.56640625,0.56640625,,,,,,,,,
57,481536,14592,0.17247811711475514,0.5546875,0.5546875,,,,,,,,,
58,489984,14848,0.1738067979849778,0.5625,0.5625,,,,,,,,,
59,498432,15104,0.1771939554081114,0.57421875,0.57421875,,,,,,,,,
60,506880,15360,0.16756774293271925,0.578125,0.578125,,,,,,,,,
61,515328,15616,0.17220869467953062,0.640625,0.640625,,,,,,,,,
62,523776,15872,0.17432958919669933,0.58984375,0.58984375,,,,,,,,,
63,532224,16128,0.17931120763252298,0.66796875,0.66796875,,,,,,,,,
64,540672,16384,0.17222400904297763,0.640625,0.640625,,,,,,,,,
65,549120,16640,0.17089759472944005,0.5625,0.5625,,,,,,,,,
66,557568,16896,0.17363486458054805,0.6015625,0.6015625,,,,,,,,,
67,566016,17152,0.16968482141664487,0.61328125,0.61328125,0.16712290694382942,0.61328125,0.61328125,,,,,,
68,574464,17408,0.18330625943215886,0.5390625,0.5390625,,,,,,,,,
69,582912,17664,0.1788503341222715,0.54296875,0.54296875,,,,,,,,,
70,591360,17920,0.173836311872972,0.5703125,0.5703125,,,,,,,,,
71,599808,18176,0.16851508941878973,0.546875,0.546875,,,,,,,,,
72,608256,18432,0.1757602909889455,0.59765625,0.59765625,,,,,,,,,
73,614656,18688,0.23364806202570276,0.5703125,0.5703125,,,,,,,,,
74,623104,18944,0.17409447958607235,0.6484375,0.6484375,,,,,,,,,
75,631552,19200,0.1761035307745381,0.625,0.625,,,,,,,,,
76,640000,19456,0.17225154515106395,0.62890625,0.62890625,,,,,,,,,
77,648448,19712,0.17031493490681734,0.6171875,0.6171875,,,,,,,,,
78,656896,19968,0.17596692925955099,0.60546875,0.60546875,,,,,,,,,
79,665344,20224,0.17166678270527763,0.53125,0.53125,,,,,,,,,
80,673792,20480,0.16859305370954694,0.59765625,0.59765625,,,,,,,,,
81,684288,20736,0.1386871948483756,0.578125,0.578125,,,,,,,,,
82,692736,20992,0.17372883750185553,0.5390625,0.5390625,,,,,,,,,
83,701184,21248,0.16843000825023371,0.58984375,0.58984375,,,,,,,,,
84,709632,21504,0.17911725441191118,0.62109375,0.62109375,,,,,,,,,
85,718080,21760,0.1743637288328741,0.57421875,0.57421875,,,,,,,,,
86,726528,22016,0.17364765152664766,0.66015625,0.66015625,,,,,,,,,
87,734976,22272,0.17323246368416895,0.59765625,0.59765625,,,,,,,,,
88,743424,22528,0.17595832455141325,0.61328125,0.61328125,,,,,,,,,
89,751872,22784,0.16953550697072,0.67578125,0.67578125,0.13680017557841537,0.58984375,0.58984375,,,,,,
90,760320,23040,0.17598567952577154,0.62109375,0.62109375,,,,,,,,,
91,766720,23296,0.23261700061290516,0.609375,0.609375,,,,,,,,,
92,775168,23552,0.17358922010442543,0.62109375,0.62109375,,,,,,,,,
93,783616,23808,0.17782963074202998,0.59765625,0.59765625,,,,,,,,,
94,792064,24064,0.1758257667809334,0.5859375,0.5859375,,,,,,,,,
95,800512,24320,0.17764033265838564,0.578125,0.578125,,,,,,,,,
96,808960,24576,0.17076641334635084,0.54296875,0.54296875,,,,,,,,,
97,817408,24832,0.1768523362615749,0.66015625,0.66015625,,,,,,,,,
98,825856,25088,0.17088888645570374,0.6171875,0.6171875,,,,,,,,,
99,834304,25344,0.1723204568008493,0.58203125,0.58203125,,,,,,,,,
100,842752,25600,0.17193248673484657,0.609375,0.609375,,,,,,,,,
101,851200,25856,0.17548383935079628,0.609375,0.609375,,,,,,,,,
102,859648,26112,0.17144309226485127,0.609375,0.609375,,,,,,,,,
103,868096,26368,0.170357033994228,0.63671875,0.63671875,,,,,,,,,
104,876544,26624,0.1697937081589235,0.6015625,0.6015625,,,,,,,,,
105,884992,26880,0.1748152104541456,0.5625,0.5625,,,,,,,,,
106,893440,27136,0.17183630833125307,0.58203125,0.58203125,,,,,,,,,
107,901888,27392,0.16860557784355237,0.640625,0.640625,,,,,,,,,
108,910336,27648,0.17727638337103113,0.5625,0.5625,,,,,,,,,
109,918784,27904,0.17139570631732054,0.66015625,0.66015625,,,,,,,,,
110,927232,28160,0.17011010263239804,0.625,0.625,,,,,,,,,
111,935680,28416,0.1597752173852863,0.6328125,0.6328125,0.1726450110404213,0.609375,0.609375,,,,,,
112,946176,28672,0.13790855916968417,0.609375,0.609375,,,,,,,,,
113,954624,28928,0.16878856671068398,0.62890625,0.62890625,,,,,,,,,
114,961024,29184,0.22369822812269344,0.640625,0.640625,,,,,,,,,
115,969472,29440,0.1755390133115245,0.6015625,0.6015625,,,,,,,,,
116,977920,29696,0.1723359741479568,0.59765625,0.59765625,,,,,,,,,
117,986368,29952,0.1783019324858417,0.57421875,0.57421875,,,,,,,,,
118,994816,30208,0.17398542174818443,0.55078125,0.55078125,,,,,,,,,
119,1003264,30464,0.17768789865453516,0.63671875,0.63671875,,,,,,,,,
120,1011712,30720,0.17789546292428327,0.6171875,0.6171875,,,,,,,,,
121,1020160,30976,0.171579605044216,0.57421875,0.57421875,,,,,,,,,
122,1028608,31232,0.17274877021393772,0.62890625,0.62890625,,,,,,,,,
123,1037056,31488,0.17270907445480754,0.625,0.625,,,,,,,,,
124,1045504,31744,0.175528476840474,0.61328125,0.61328125,,,,,,,,,
125,1053952,32000,0.17076401172072328,0.609375,0.609375,,,,,,,,,
126,1060352,32256,0.23345324186744143,0.640625,0.640625,,,,,,,,,
127,1068800,32512,0.16847676160744826,0.640625,0.640625,,,,,,,,,
128,1077248,32768,0.166012739888925,0.57421875,0.57421875,,,,,,,,,
129,1085696,33024,0.1742895954881074,0.61328125,0.61328125,,,,,,,,,
130,1094144,33280,0.17705774827127618,0.609375,0.609375,,,,,,,,,
131,1102592,33536,0.16611167524784898,0.5625,0.5625,,,,,,,,,
132,1111040,33792,0.1764744604373938,0.578125,0.578125,,,,,,,,,
133,1119488,34048,0.16804535019041447,0.625,0.625,0.1784039940395047,0.58984375,0.58984375,,,,,,
134,1127936,34304,0.1684930540592562,0.63671875,0.63671875,,,,,,,,,
135,1136384,34560,0.1725115968364554,0.546875,0.546875,,,,,,,,,
136,1144832,34816,0.16443062022280935,0.64453125,0.64453125,,,,,,,,,
137,1153280,35072,0.16689340133491848,0.578125,0.578125,,,,,,,,,
138,1161728,35328,0.1707910266568218,0.58203125,0.58203125,,,,,,,,,
139,1170176,35584,0.17164087865513755,0.6171875,0.6171875,,,,,,,,,
140,1178624,35840,0.17480542076459868,0.625,0.625,,,,,,,,,
141,1189120,36096,0.138598673668958,0.6484375,0.6484375,,,,,,,,,
142,1197568,36352,0.17107574881716087,0.56640625,0.56640625,,,,,,,,,
143,1206016,36608,0.17429020870238693,0.609375,0.609375,,,,,,,,,
144,1214464,36864,0.16902620544755,0.58984375,0.58984375,,,,,,,,,
145,1227008,37120,0.11532764145842732,0.6015625,0.6015625,,,,,,,,,
146,1235456,37376,0.17373253036495748,0.59765625,0.59765625,,,,,,,,,
147,1243904,37632,0.172629272451577,0.6484375,0.6484375,,,,,,,,,
148,1252352,37888,0.16672939949736643,0.60546875,0.60546875,,,,,,,,,
149,1262848,38144,0.13672673985424183,0.6328125,0.6328125,,,,,,,,,
150,1271296,38400,0.1676056000142629,0.70703125,0.70703125,,,,,,,,,
151,1279744,38656,0.16909118095572065,0.65234375,0.65234375,,,,,,,,,
152,1288192,38912,0.17153208255835967,0.6171875,0.6171875,,,,,,,,,
153,1296640,39168,0.18275473823506472,0.56640625,0.56640625,,,,,,,,,
154,1305088,39424,0.17544424747028514,0.62890625,0.62890625,,,,,,,,,
155,1313536,39680,0.16421298696530692,0.578125,0.578125,0.16614142687704475,0.640625,0.640625,,,,,,
156,1321984,39936,0.16732001843127983,0.6328125,0.6328125,,,,,,,,,
157,1330432,40192,0.1735516215544362,0.56640625,0.56640625,,,,,,,,,
158,1338880,40448,0.16820686824436434,0.5859375,0.5859375,,,,,,,,,
159,1347328,40704,0.16570909060252423,0.6015625,0.6015625,,,,,,,,,
160,1355776,40960,0.17127282574403907,0.62109375,0.62109375,,,,,,,,,
161,1364224,41216,0.1686551465823501,0.58984375,0.58984375,,,,,,,,,
162,1372672,41472,0.17055582811444103,0.64453125,0.64453125,,,,,,,,,
163,1381120,41728,0.16461029732058896,0.6953125,0.6953125,,,,,,,,,
164,1389568,41984,0.17635786945503587,0.625,0.625,,,,,,,,,
165,1398016,42240,0.1700042238413244,0.64453125,0.64453125,,,,,,,,,
166,1406464,42496,0.16603467510440073,0.640625,0.640625,,,,,,,,,
167,1414912,42752,0.16627096072469932,0.58984375,0.58984375,,,,,,,,,
168,1423360,43008,0.1679918594721766,0.52734375,0.52734375,,,,,,,,,
169,1431808,43264,0.16617288399966465,0.59375,0.59375,,,,,,,,,
170,1440256,43520,0.17241755669618772,0.6484375,0.6484375,,,,,,,,,
171,1448704,43776,0.17243023849399602,0.6015625,0.6015625,,,,,,,,,
172,1457152,44032,0.16894288881531172,0.609375,0.609375,,,,,,,,,
173,1465600,44288,0.1713500384624137,0.5859375,0.5859375,,,,,,,,,
174,1474048,44544,0.181973547450121,0.63671875,0.63671875,,,,,,,,,
175,1482496,44800,0.16619599221157633,0.6484375,0.6484375,,,,,,,,,
176,1490944,45056,0.1702053712415022,0.63671875,0.63671875,,,,,,,,,
177,1499392,45312,0.1732841356978418,0.6015625,0.6015625,0.1718400594040224,0.57421875,0.57421875,,,,,,
178,1507840,45568,0.16970581494741246,0.66796875,0.66796875,,,,,,,,,
179,1516288,45824,0.17334488334755624,0.58203125,0.58203125,,,,,,,,,
180,1524736,46080,0.16669546172576058,0.609375,0.609375,,,,,,,,,
181,1533184,46336,0.1771111955344792,0.6328125,0.6328125,,,,,,,,,
182,1541632,46592,0.1672144333116216,0.6640625,0.6640625,,,,,,,,,
183,1550080,46848,0.16691585210516774,0.6640625,0.6640625,,,,,,,,,
184,1558528,47104,0.16904843965598365,0.6328125,0.6328125,,,,,,,,,
185,1566976,47360,0.1742629509867845,0.60546875,0.60546875,,,,,,,,,
186,1575424,47616,0.1652684910510375,0.6171875,0.6171875,,,,,,,,,
187,1583872,47872,0.1752677285754886,0.62890625,0.62890625,,,,,,,,,
188,1592320,48128,0.16823364268232147,0.65625,0.65625,,,,,,,,,
189,1600768,48384,0.16647987308351822,0.6171875,0.6171875,,,,,,,,,
190,1609216,48640,0.16591419904220184,0.6328125,0.6328125,,,,,,,,,
191,1617664,48896,0.16853595103039345,0.5859375,0.5859375,,,,,,,,,
192,1626112,49152,0.17022931748975742,0.625,0.625,,,,,,,,,
193,1634560,49408,0.1679232961477936,0.64453125,0.64453125,,,,,,,,,
194,1645056,49664,0.13514436271684938,0.61328125,0.61328125,,,,,,,,,
195,1653504,49920,0.17238934278850576,0.66015625,0.66015625,,,,,,,,,
196,1661952,50176,0.17011241941438726,0.640625,0.640625,,,,,,,,,
197,1670400,50432,0.16697980568895268,0.60546875,0.60546875,,,,,,,,,
198,1678848,50688,0.16331015145324443,0.59375,0.59375,,,,,,,,,
199,1687296,50944,0.17483213579195012,0.6328125,0.6328125,0.16922453039793492,0.62109375,0.62109375,,,,,,
200,1695744,51200,0.18140754196135472,0.5625,0.5625,,,,,,,,,
201,1704192,51456,0.167998593694615,0.640625,0.640625,,,,,,,,,
202,1712640,51712,0.16733106058325536,0.63671875,0.63671875,,,,,,,,,
203,1721088,51968,0.17014774560036028,0.60546875,0.60546875,,,,,,,,,
204,1729536,52224,0.17406944978661973,0.6328125,0.6328125,,,,,,,,,
205,1737984,52480,0.1686848598025154,0.6328125,0.6328125,,,,,,,,,
206,1746432,52736,0.17347206034230864,0.59375,0.59375,,,,,,,,,
207,1754880,52992,0.16899258193991565,0.6328125,0.6328125,,,,,,,,,
208,1763328,53248,0.17058385733285225,0.59765625,0.59765625,,,,,,,,,
209,1771776,53504,0.17287111295902324,0.6640625,0.6640625,,,,,,,,,
210,1780224,53760,0.1621630738312721,0.609375,0.609375,,,,,,,,,
211,1788672,54016,0.17234535909632856,0.62109375,0.62109375,,,,,,,,,
212,1799168,54272,0.1403044869667023,0.58203125,0.58203125,,,,,,,,,
213,1807616,54528,0.16819228588244547,0.6484375,0.6484375,,,,0.5709999799728394,0.6785714285714286,0.2331288343558282,0.666204442950388,0.643275618303411,0.3470319634703196
214,1818112,54784,0.13973770155727,0.57421875,0.57421875,,,,,,,,,
215,1826560,55040,0.16726960240528066,0.59765625,0.59765625,,,,,,,,,
216,1835008,55296,0.16629279893007085,0.625,0.625,,,,,,,,,
217,1843456,55552,0.16534409315167672,0.64453125,0.64453125,,,,,,,,,
218,1851904,55808,0.1735847124510568,0.5625,0.5625,,,,,,,,,
219,1860352,56064,0.1712822184739906,0.61328125,0.61328125,,,,,,,,,
220,1868800,56320,0.16524514207071161,0.62890625,0.62890625,0.17160231611536036,0.546875,0.546875,,,,,,
221,1877248,56576,0.16276155121554614,0.60546875,0.60546875,,,,,,,,,
222,1885696,56832,0.1743769434792313,0.62109375,0.62109375,,,,,,,,,
223,1892096,57088,0.21700625123288178,0.63671875,0.63671875,,,,,,,,,
224,1900544,57344,0.16560226991444965,0.58203125,0.58203125,,,,,,,,,
225,1908992,57600,0.16420507403268994,0.6171875,0.6171875,,,,,,,,,
226,1917440,57856,0.16794292407485653,0.609375,0.609375,,,,,,,,,
227,1925888,58112,0.1597736794188689,0.640625,0.640625,,,,,,,,,
228,1934336,58368,0.16474952809521695,0.65625,0.65625,,,,,,,,,
229,1942784,58624,0.16349291607829158,0.67578125,0.67578125,,,,,,,,,
230,1951232,58880,0.17051648885982973,0.64453125,0.64453125,,,,,,,,,
231,1959680,59136,0.17087334430265275,0.70703125,0.70703125,,,,,,,,,
232,1968128,59392,0.17130950449425936,0.67578125,0.67578125,,,,,,,,,
233,1976576,59648,0.17013444383094137,0.5859375,0.5859375,,,,,,,,,
234,1985024,59904,0.1730209127019717,0.6640625,0.6640625,,,,,,,,,
235,1993472,60160,0.16571435274865218,0.51953125,0.51953125,,,,,,,,,
236,2001920,60416,0.1627744810698405,0.68359375,0.68359375,,,,,,,,,
237,2012416,60672,0.1351233341989342,0.66796875,0.66796875,,,,,,,,,
238,2020864,60928,0.1658917434193275,0.62109375,0.62109375,,,,,,,,,
239,2029312,61184,0.1709825320735641,0.62890625,0.62890625,,,,,,,,,
240,2037760,61440,0.16529749611176392,0.6875,0.6875,,,,,,,,,
241,2046208,61696,0.1595786953091107,0.59375,0.59375,,,,,,,,,
242,2052608,61952,0.2178897727366206,0.671875,0.671875,0.13507240874138704,0.5703125,0.5703125,,,,,,
243,2061056,62208,0.16799544834426922,0.62890625,0.62890625,,,,,,,,,
244,2069504,62464,0.16851990219924867,0.66796875,0.66796875,,,,,,,,,
245,2077952,62720,0.17094694672221689,0.609375,0.609375,,,,,,,,,
246,2086400,62976,0.16636220751934924,0.58203125,0.58203125,,,,,,,,,
247,2094848,63232,0.1615466133573126,0.67578125,0.67578125,,,,,,,,,
248,2103296,63488,0.165374516375017,0.63671875,0.63671875,,,,,,,,,
249,2111744,63744,0.16386025652778768,0.609375,0.609375,,,,,,,,,
250,2120192,64000,0.1601848898825028,0.64453125,0.64453125,,,,,,,,,
251,2128640,64256,0.16619468535596252,0.6640625,0.6640625,,,,,,,,,
252,2137088,64512,0.16621267209886173,0.609375,0.609375,,,,,,,,,
253,2145536,64768,0.16968404287689953,0.66015625,0.66015625,,,,,,,,,
254,2151936,65024,0.22458005367130182,0.62890625,0.62890625,,,,,,,,,
255,2160384,65280,0.167580105135897,0.6171875,0.6171875,,,,,,,,,
256,2168832,65536,0.1655462281575869,0.6796875,0.6796875,,,,,,,,,
257,2177280,65792,0.16745635145159338,0.703125,0.703125,,,,,,,,,
258,2185728,66048,0.16407176226430742,0.62890625,0.62890625,,,,,,,,,
259,2194176,66304,0.16662996841395478,0.66015625,0.66015625,,,,,,,,,
260,2202624,66560,0.16205474508976112,0.5703125,0.5703125,,,,,,,,,
261,2211072,66816,0.16718976827058885,0.63671875,0.63671875,,,,,,,,,
262,2219520,67072,0.1728447863502108,0.609375,0.609375,,,,,,,,,
263,2225920,67328,0.23086680883261512,0.61328125,0.61328125,,,,,,,,,
264,2234368,67584,0.1684326926872588,0.61328125,0.61328125,0.17398889044186588,0.66015625,0.66015625,,,,,,
265,2242816,67840,0.16136570693445104,0.6171875,0.6171875,,,,,,,,,
266,2251264,68096,0.1636579569638313,0.640625,0.640625,,,,,,,,,
267,2259712,68352,0.1652504081237684,0.63671875,0.63671875,,,,,,,,,
268,2268160,68608,0.1704034123497432,0.609375,0.609375,,,,,,,,,
269,2276608,68864,0.16584012019903177,0.734375,0.734375,,,,,,,,,
270,2283008,69120,0.22484311000985246,0.59375,0.59375,,,,,,,,,
271,2291456,69376,0.1677539678471386,0.65234375,0.65234375,,,,,,,,,
272,2299904,69632,0.16394318252724993,0.66796875,0.66796875,,,,,,,,,
273,2308352,69888,0.16637373541567385,0.6796875,0.6796875,,,,,,,,,
274,2316800,70144,0.17102360906255681,0.66015625,0.66015625,,,,,,,,,
275,2325248,70400,0.1614288870502263,0.640625,0.640625,,,,,,,,,
276,2333696,70656,0.16502833591088104,0.62109375,0.62109375,,,,,,,,,
277,2342144,70912,0.16593856666082532,0.63671875,0.63671875,,,,,,,,,
278,2350592,71168,0.16533231951508115,0.59375,0.59375,,,,,,,,,
279,2359040,71424,0.17121676293578206,0.640625,0.640625,,,,,,,,,
280,2367488,71680,0.15956221774132295,0.66015625,0.66015625,,,,,,,,,
281,2375936,71936,0.16999677030546015,0.61328125,0.61328125,,,,,,,,,
282,2384384,72192,0.1694751238955867,0.703125,0.703125,,,,,,,,,
283,2392832,72448,0.1689041191801684,0.6171875,0.6171875,,,,,,,,,
284,2401280,72704,0.1642899078573094,0.6328125,0.6328125,,,,,,,,,
285,2409728,72960,0.16261845439250222,0.63671875,0.63671875,,,,,,,,,
286,2418176,73216,0.16155538863672364,0.60546875,0.60546875,0.13742356838080372,0.62109375,0.62109375,,,,,,
287,2426624,73472,0.1688733083739947,0.6015625,0.6015625,,,,,,,,,
288,2435072,73728,0.16516648762229894,0.640625,0.640625,,,,,,,,,
289,2443520,73984,0.16816626913239235,0.62890625,0.62890625,,,,,,,,,
290,2451968,74240,0.17219730955403592,0.6015625,0.6015625,,,,,,,,,
291,2460416,74496,0.1665600930869554,0.625,0.625,,,,,,,,,
292,2468864,74752,0.16761836681201342,0.6640625,0.6640625,,,,,,,,,
293,2477312,75008,0.16482126372950687,0.6484375,0.6484375,,,,,,,,,
294,2485760,75264,0.16787583800616362,0.62109375,0.62109375,,,,,,,,,
295,2494208,75520,0.16876255198437223,0.640625,0.640625,,,,,,,,,
296,2502656,75776,0.16618375446956724,0.578125,0.578125,,,,,,,,,
297,2511104,76032,0.16892942383103984,0.62890625,0.62890625,,,,,,,,,
298,2519552,76288,0.1708410232333394,0.63671875,0.63671875,,,,,,,,,
299,2528000,76544,0.15859503953487009,0.640625,0.640625,,,,,,,,,
300,2536448,76800,0.16828023734671546,0.55078125,0.55078125,,,,,,,,,
301,2544896,77056,0.16047108177698188,0.6953125,0.6953125,,,,,,,,,
302,2553344,77312,0.1662173477104197,0.62109375,0.62109375,,,,,,,,,
303,2559744,77568,0.22033828264648828,0.60546875,0.60546875,,,,,,,,,
304,2568192,77824,0.17021892099841998,0.59375,0.59375,,,,,,,,,
305,2576640,78080,0.16549184053431937,0.62109375,0.62109375,,,,,,,,,
306,2585088,78336,0.1690627711453629,0.63671875,0.63671875,,,,,,,,,
307,2593536,78592,0.16787531779750647,0.55859375,0.55859375,,,,,,,,,
308,2601984,78848,0.16276636688760487,0.65234375,0.65234375,0.16915941518789518,0.6015625,0.6015625,,,,,,
309,2614528,79104,0.1129273002385202,0.59375,0.59375,,,,,,,,,
310,2622976,79360,0.1732064526768174,0.60546875,0.60546875,,,,,,,,,
311,2631424,79616,0.16887893028811937,0.62109375,0.62109375,,,,,,,,,
312,2639872,79872,0.16266324472971155,0.66796875,0.66796875,,,,,,,,,
313,2648320,80128,0.16177159170227667,0.66015625,0.66015625,,,,,,,,,
314,2656768,80384,0.16502210169510523,0.6328125,0.6328125,,,,,,,,,
315,2665216,80640,0.16053082515768285,0.6484375,0.6484375,,,,,,,,,
316,2675712,80896,0.12949245808845575,0.64453125,0.64453125,,,,,,,,,
317,2684160,81152,0.16258346960365422,0.6484375,0.6484375,,,,,,,,,
318,2692608,81408,0.1713999314396788,0.65234375,0.65234375,,,,,,,,,
319,2701056,81664,0.16146235712622617,0.66015625,0.66015625,,,,,,,,,
320,2709504,81920,0.1680764155074721,0.6328125,0.6328125,,,,,,,,,
321,2717952,82176,0.17009211627640128,0.62890625,0.62890625,,,,,,,,,
322,2726400,82432,0.16835725513682198,0.65625,0.65625,,,,,,,,,
323,2734848,82688,0.16213390127660363,0.6875,0.6875,,,,,,,,,
324,2743296,82944,0.1646595027814447,0.6484375,0.6484375,,,,,,,,,
325,2751744,83200,0.1705737826245861,0.65234375,0.65234375,,,,,,,,,
326,2760192,83456,0.169148159533434,0.62890625,0.62890625,,,,,,,,,
327,2768640,83712,0.1707197487003933,0.68359375,0.68359375,,,,,,,,,
328,2777088,83968,0.16598054082839933,0.62890625,0.62890625,,,,,,,,,
329,2785536,84224,0.16612601779536984,0.63671875,0.63671875,,,,,,,,,
330,2793984,84480,0.16453514621028736,0.65625,0.65625,0.16200004015671787,0.640625,0.640625,,,,,,
331,2802432,84736,0.1680261010769762,0.65234375,0.65234375,,,,,,,,,
332,2812928,84992,0.13323910306748704,0.59765625,0.59765625,,,,,,,,,
333,2821376,85248,0.16538224017312006,0.65625,0.65625,,,,,,,,,
334,2827776,85504,0.2214472746285023,0.6171875,0.6171875,,,,,,,,,
335,2836224,85760,0.16256685921610817,0.63671875,0.63671875,,,,,,,,,
336,2844672,86016,0.16986552313039657,0.6875,0.6875,,,,,,,,,
337,2853120,86272,0.16500681931490885,0.62890625,0.62890625,,,,,,,,,
338,2861568,86528,0.17708111044647704,0.6328125,0.6328125,,,,,,,,,
339,2870016,86784,0.16204001711173754,0.6015625,0.6015625,,,,,,,,,
340,2878464,87040,0.1665101597026746,0.60546875,0.60546875,,,,,,,,,
341,2886912,87296,0.15978109817596498,0.66796875,0.66796875,,,,,,,,,
342,2895360,87552,0.16484127913775226,0.6953125,0.6953125,,,,,,,,,
343,2903808,87808,0.16459670350392278,0.6328125,0.6328125,,,,,,,,,
344,2912256,88064,0.16548635780532228,0.6328125,0.6328125,,,,,,,,,
345,2918656,88320,0.21819818538801625,0.69921875,0.69921875,,,,,,,,,
346,2927104,88576,0.16725510848497185,0.61328125,0.61328125,,,,,,,,,
347,2935552,88832,0.1660312645317444,0.625,0.625,,,,,,,,,
348,2944000,89088,0.1680310374137233,0.64453125,0.64453125,,,,,,,,,
349,2952448,89344,0.16653905697971033,0.671875,0.671875,,,,,,,,,
350,2960896,89600,0.16415660739651478,0.62890625,0.62890625,,,,,,,,,
351,2971392,89856,0.13076829702146636,0.66015625,0.66015625,,,,,,,,,
352,2979840,90112,0.1648508227293487,0.6875,0.6875,0.17236659935219462,0.61328125,0.61328125,,,,,,
353,2988288,90368,0.17065610531939066,0.6484375,0.6484375,,,,,,,,,
354,2996736,90624,0.1709246114146311,0.63671875,0.63671875,,,,,,,,,
355,3007232,90880,0.13658015177528315,0.69140625,0.69140625,,,,,,,,,
356,3015680,91136,0.1614153715610012,0.66796875,0.66796875,,,,,,,,,
357,3024128,91392,0.1651345506344955,0.66015625,0.66015625,,,,,,,,,
358,3032576,91648,0.1670903654694756,0.61328125,0.61328125,,,,,,,,,
359,3041024,91904,0.1684039690723223,0.6171875,0.6171875,,,,,,,,,
360,3049472,92160,0.16563358614695387,0.6171875,0.6171875,,,,,,,,,
361,3057920,92416,0.16486932059388507,0.640625,0.640625,,,,,,,,,
362,3066368,92672,0.1673110864123914,0.62890625,0.62890625,,,,,,,,,
363,3074816,92928,0.1655731480855248,0.64453125,0.64453125,,,,,,,,,
364,3083264,93184,0.16038052279863896,0.6484375,0.6484375,,,,,,,,,
365,3091712,93440,0.1644086232985349,0.6484375,0.6484375,,,,,,,,,
366,3100160,93696,0.16456196319616165,0.59765625,0.59765625,,,,,,,,,
367,3108608,93952,0.166238951962106,0.703125,0.703125,,,,,,,,,
368,3117056,94208,0.17006766659855016,0.62890625,0.62890625,,,,,,,,,
369,3125504,94464,0.16542254737392262,0.58984375,0.58984375,,,,,,,,,
370,3133952,94720,0.16630325834219917,0.62890625,0.62890625,,,,,,,,,
371,3142400,94976,0.16299292632701118,0.63671875,0.63671875,,,,,,,,,
372,3150848,95232,0.16493160868389034,0.70703125,0.70703125,,,,,,,,,
373,3159296,95488,0.16351977236242057,0.6796875,0.6796875,,,,,,,,,
374,3167744,95744,0.17006617492895718,0.64453125,0.64453125,0.16890340195871256,0.6171875,0.6171875,,,,,,
375,3176192,96000,0.16902564415633253,0.65625,0.65625,,,,,,,,,
376,3184640,96256,0.16671915702476875,0.6640625,0.6640625,,,,,,,,,
377,3193088,96512,0.16431536755804316,0.609375,0.609375,,,,,,,,,
378,3201536,96768,0.16749128117827453,0.58984375,0.58984375,,,,,,,,,
379,3209984,97024,0.16369929082948703,0.62890625,0.62890625,,,,,,,,,
380,3218432,97280,0.1690889554108308,0.60546875,0.60546875,,,,,,,,,
381,3226880,97536,0.16816635357301385,0.64453125,0.64453125,,,,,,,,,
382,3235328,97792,0.16153832127334652,0.64453125,0.64453125,,,,,,,,,
383,3243776,98048,0.16355671654478243,0.6875,0.6875,,,,,,,,,
384,3250176,98304,0.2159360150159397,0.6796875,0.6796875,,,,,,,,,
385,3258624,98560,0.1670750490243712,0.6328125,0.6328125,,,,,,,,,
386,3267072,98816,0.16447277678520916,0.6171875,0.6171875,,,,,,,,,
387,3275520,99072,0.16919952081434514,0.69921875,0.69921875,,,,,,,,,
388,3283968,99328,0.17073257233826888,0.609375,0.609375,,,,,,,,,
389,3292416,99584,0.1729054010417981,0.63671875,0.63671875,,,,,,,,,
390,3300864,99840,0.17261951093628017,0.65234375,0.65234375,,,,,,,,,
391,3309312,100096,0.16732513064440785,0.6796875,0.6796875,,,,,,,,,
392,3317760,100352,0.16167695262695309,0.69140625,0.69140625,,,,,,,,,
393,3326208,100608,0.16839259755326905,0.640625,0.640625,,,,,,,,,
394,3334656,100864,0.1670905341851154,0.62109375,0.62109375,,,,,,,,,
395,3343104,101120,0.1670622133419604,0.6796875,0.6796875,,,,,,,,,
396,3351552,101376,0.1607297611600148,0.65625,0.65625,0.16721508048594075,0.62109375,0.62109375,,,,,,
397,3360000,101632,0.16864493147136717,0.6484375,0.6484375,,,,,,,,,
398,3368448,101888,0.1670175837555867,0.64453125,0.64453125,,,,,,,,,
399,3376896,102144,0.16368337125535218,0.61328125,0.61328125,,,,,,,,,
400,3385344,102400,0.1683605633539085,0.65625,0.65625,,,,,,,,,
401,3393792,102656,0.16343790665436395,0.6171875,0.6171875,,,,,,,,,
402,3402240,102912,0.1638665574473462,0.6484375,0.6484375,,,,,,,,,
403,3410688,103168,0.16013594134794457,0.71484375,0.71484375,,,,,,,,,
404,3419136,103424,0.16621565704342464,0.6328125,0.6328125,,,,,,,,,
405,3427584,103680,0.1682469942766713,0.64453125,0.64453125,,,,,,,,,
406,3436032,103936,0.16413124401854112,0.64453125,0.64453125,,,,,,,,,
407,3444480,104192,0.16674286514252967,0.67578125,0.67578125,,,,,,,,,
408,3450880,104448,0.21934751200219818,0.60546875,0.60546875,,,,,,,,,
409,3459328,104704,0.16176452268801775,0.6796875,0.6796875,,,,,,,,,
410,3467776,104960,0.17049082723691014,0.6015625,0.6015625,,,,,,,,,
411,3476224,105216,0.16879541528300057,0.6484375,0.6484375,,,,,,,,,
412,3484672,105472,0.1643539330508331,0.62890625,0.62890625,,,,,,,,,
413,3493120,105728,0.16605839240701784,0.6796875,0.6796875,,,,,,,,,
414,3501568,105984,0.16616271622853115,0.59765625,0.59765625,,,,,,,,,
415,3510016,106240,0.16728575476885432,0.625,0.625,,,,,,,,,
416,3518464,106496,0.1605777401601042,0.671875,0.671875,,,,,,,,,
417,3526912,106752,0.1649581154292925,0.65234375,0.65234375,,,,,,,,,
418,3535360,107008,0.1625983255355482,0.69921875,0.69921875,0.13634850608985583,0.67578125,0.67578125,,,,,,
419,3543808,107264,0.1598219659150794,0.65625,0.65625,,,,,,,,,
420,3552256,107520,0.17032742744424448,0.64453125,0.64453125,,,,,,,,,
421,3560704,107776,0.16481412735010592,0.62109375,0.62109375,,,,,,,,,
422,3571200,108032,0.13260284653059068,0.70703125,0.70703125,,,,,,,,,
423,3579648,108288,0.17270813980894448,0.59765625,0.59765625,,,,,,,,,
424,3588096,108544,0.1651441710280363,0.671875,0.671875,,,,,,,,,
425,3596544,108800,0.15976388535376654,0.6640625,0.6640625,,,,0.6200000047683716,0.603415559772296,0.6503067484662577,0.6858199368494351,0.6546997227716717,0.625984251968504
426,3604992,109056,0.15710563209755982,0.65625,0.65625,,,,,,,,,
427,3613440,109312,0.16394003695913179,0.6640625,0.6640625,,,,,,,,,
428,3621888,109568,0.16187872384252047,0.6640625,0.6640625,,,,,,,,,
429,3630336,109824,0.15649674226445306,0.69140625,0.69140625,,,,,,,,,
430,3638784,110080,0.15842200079211083,0.6484375,0.6484375,,,,,,,,,
431,3647232,110336,0.16149744463595087,0.66796875,0.66796875,,,,,,,,,
432,3655680,110592,0.16074064320937972,0.671875,0.671875,,,,,,,,,
433,3664128,110848,0.16055234747529978,0.68359375,0.68359375,,,,,,,,,
434,3672576,111104,0.1628589779785325,0.67578125,0.67578125,,,,,,,,,
435,3681024,111360,0.1635718507080911,0.66015625,0.66015625,,,,,,,,,
436,3689472,111616,0.16044309702294124,0.69140625,0.69140625,,,,,,,,,
437,3697920,111872,0.15768603122686073,0.64453125,0.64453125,,,,,,,,,
438,3706368,112128,0.1606417524739851,0.6953125,0.6953125,,,,,,,,,
439,3714816,112384,0.15872829240316605,0.60546875,0.60546875,,,,,,,,,
440,3723264,112640,0.16640867309278,0.6796875,0.6796875,0.16727019508137256,0.64453125,0.64453125,,,,,,
441,3731712,112896,0.1590937800216074,0.73828125,0.73828125,,,,,,,,,
442,3740160,113152,0.16034010331275203,0.72265625,0.72265625,,,,,,,,,
443,3748608,113408,0.16029897117755343,0.71875,0.71875,,,,,,,,,
444,3757056,113664,0.1608583281921078,0.66796875,0.66796875,,,,,,,,,
445,3765504,113920,0.16119017836185426,0.66796875,0.66796875,,,,,,,,,
446,3773952,114176,0.16086337765381428,0.6875,0.6875,,,,,,,,,
447,3782400,114432,0.15796841312225848,0.65234375,0.65234375,,,,,,,,,
448,3790848,114688,0.15382564220724326,0.703125,0.703125,,,,,,,,,
449,3799296,114944,0.15753061614754982,0.6484375,0.6484375,,,,,,,,,
450,3807744,115200,0.1593637762547408,0.65234375,0.65234375,,,,,,,,,
451,3816192,115456,0.16082826529382954,0.65625,0.65625,,,,,,,,,
452,3824640,115712,0.1574858884459251,0.6796875,0.6796875,,,,,,,,,
453,3833088,115968,0.15752050687649133,0.6953125,0.6953125,,,,,,,,,
454,3841536,116224,0.1564115471337383,0.6484375,0.6484375,,,,,,,,,
455,3849984,116480,0.15677799746972235,0.69140625,0.69140625,,,,,,,,,
456,3858432,116736,0.15826280595473016,0.6796875,0.6796875,,,,,,,,,
457,3866880,116992,0.16548147116684714,0.67578125,0.67578125,,,,,,,,,
458,3875328,117248,0.1604046167723858,0.6484375,0.6484375,,,,,,,,,
459,3883776,117504,0.16816277023494103,0.66015625,0.66015625,,,,,,,,,
460,3892224,117760,0.16825206775263463,0.6796875,0.6796875,,,,,,,,,
461,3900672,118016,0.15920982188628865,0.71875,0.71875,,,,,,,,,
462,3909120,118272,0.16223757003683104,0.6796875,0.6796875,0.1391122961661238,0.62890625,0.62890625,,,,,,
463,3917568,118528,0.1614227608248671,0.69140625,0.69140625,,,,,,,,,
464,3926016,118784,0.15731840890430657,0.66796875,0.66796875,,,,,,,,,
465,3934464,119040,0.16019020312631987,0.609375,0.609375,,,,,,,,,
466,3944960,119296,0.13244880546599824,0.734375,0.734375,,,,,,,,,
467,3953408,119552,0.16016366887449524,0.66015625,0.66015625,,,,,,,,,
468,3961856,119808,0.15622803323801535,0.62890625,0.62890625,,,,,,,,,
469,3970304,120064,0.15655424786825417,0.6484375,0.6484375,,,,,,,,,
470,3978752,120320,0.16374316745350795,0.6640625,0.6640625,,,,,,,,,
471,3987200,120576,0.1584332896006623,0.69921875,0.69921875,,,,,,,,,
472,3995648,120832,0.16433397350499518,0.64453125,0.64453125,,,,,,,,,
473,4004096,121088,0.16036279785559193,0.7109375,0.7109375,,,,,,,,,
474,4012544,121344,0.16237496300815257,0.69921875,0.69921875,,,,,,,,,
475,4020992,121600,0.16084353645967467,0.7578125,0.7578125,,,,,,,,,
476,4029440,121856,0.16139182715783573,0.703125,0.703125,,,,,,,,,
477,4037888,122112,0.15856550045035228,0.71875,0.71875,,,,,,,,,
478,4046336,122368,0.1592244524073505,0.70703125,0.70703125,,,,,,,,,
479,4054784,122624,0.16142097548203388,0.6796875,0.6796875,,,,,,,,,
480,4065280,122880,0.1304778901963483,0.65625,0.65625,,,,,,,,,
481,4073728,123136,0.16085240999940437,0.72265625,0.72265625,,,,,,,,,
482,4082176,123392,0.1576735990952015,0.7109375,0.7109375,,,,,,,,,
483,4090624,123648,0.1592366695824797,0.69921875,0.69921875,,,,,,,,,
484,4099072,123904,0.16229476329512366,0.69140625,0.69140625,0.1635903159730157,0.59375,0.59375,,,,,,
485,4107520,124160,0.15675041282864344,0.6640625,0.6640625,,,,,,,,,
486,4115968,124416,0.1649735677666004,0.67578125,0.67578125,,,,,,,,,
487,4124416,124672,0.15710765818459024,0.6953125,0.6953125,,,,,,,,,
488,4132864,124928,0.15904307599153528,0.703125,0.703125,,,,,,,,,
489,4141312,125184,0.16147627385282154,0.671875,0.671875,,,,,,,,,
490,4147712,125440,0.21331711763741326,0.63671875,0.63671875,,,,,,,,,
491,4156160,125696,0.1586782797084027,0.64453125,0.64453125,,,,,,,,,
492,4164608,125952,0.16128715415860095,0.69140625,0.69140625,,,,,,,,,
493,4173056,126208,0.16134650711587634,0.67578125,0.67578125,,,,,,,,,
494,4181504,126464,0.15709615127711637,0.640625,0.640625,,,,,,,,,
495,4189952,126720,0.15957659351122963,0.671875,0.671875,,,,,,,,,
496,4198400,126976,0.16010704604553336,0.69140625,0.69140625,,,,,,,,,
497,4206848,127232,0.15590202897507743,0.69140625,0.69140625,,,,,,,,,
498,4215296,127488,0.16382824027755843,0.6640625,0.6640625,,,,,,,,,
499,4225792,127744,0.13072346097756848,0.69921875,0.69921875,,,,,,,,,
500,4234240,128000,0.15874525418159002,0.62890625,0.62890625,,,,,,,,,
501,4242688,128256,0.1594028032996721,0.66015625,0.66015625,,,,,,,,,
502,4251136,128512,0.15699132511081337,0.69140625,0.69140625,,,,,,,,,
503,4259584,128768,0.1583696704495367,0.69921875,0.69921875,,,,,,,,,
504,4268032,129024,0.16361982809859713,0.68359375,0.68359375,,,,,,,,,
505,4276480,129280,0.15958512403791045,0.703125,0.703125,,,,,,,,,
506,4284928,129536,0.1566029819581747,0.6796875,0.6796875,0.17137997501105157,0.62109375,0.62109375,,,,,,
507,4293376,129792,0.15940679126722856,0.6953125,0.6953125,,,,,,,,,
508,4301824,130048,0.15726913183510124,0.69921875,0.69921875,,,,,,,,,
509,4310272,130304,0.15500530513459657,0.6796875,0.6796875,,,,,,,,,
510,4318720,130560,0.1592725986746586,0.671875,0.671875,,,,,,,,,
511,4327168,130816,0.15660588760798141,0.70703125,0.70703125,,,,,,,,,
512,4335616,131072,0.15902403527279974,0.69140625,0.69140625,,,,,,,,,
513,4342016,131328,0.21291630209935597,0.70703125,0.70703125,,,,,,,,,
514,4350464,131584,0.16281406565309026,0.65625,0.65625,,,,,,,,,
515,4358912,131840,0.15796422312862163,0.67578125,0.67578125,,,,,,,,,
516,4367360,132096,0.15995035561469406,0.66796875,0.66796875,,,,,,,,,
517,4373760,132352,0.20467204377359946,0.6953125,0.6953125,,,,,,,,,
518,4382208,132608,0.15867973910246483,0.703125,0.703125,,,,,,,,,
519,4390656,132864,0.16239020077965538,0.6875,0.6875,,,,,,,,,
520,4399104,133120,0.15309930532171773,0.6796875,0.6796875,,,,,,,,,
521,4407552,133376,0.1642611618821218,0.66015625,0.66015625,,,,,,,,,
522,4416000,133632,0.16410886370513508,0.6796875,0.6796875,,,,,,,,,
523,4424448,133888,0.16398595576640485,0.68359375,0.68359375,,,,,,,,,
524,4432896,134144,0.16065390262279713,0.6875,0.6875,,,,,,,,,
525,4441344,134400,0.16289780120643252,0.65625,0.65625,,,,,,,,,
526,4449792,134656,0.16462300160264753,0.65234375,0.65234375,,,,,,,,,
527,4458240,134912,0.15954061355925203,0.671875,0.671875,,,,,,,,,
528,4466688,135168,0.15201671688028712,0.66796875,0.66796875,0.16583840503029768,0.65625,0.65625,,,,,,
529,4475136,135424,0.16374123662789417,0.703125,0.703125,,,,,,,,,
530,4483584,135680,0.1575604052146664,0.67578125,0.67578125,,,,,,,,,
531,4492032,135936,0.16296096432575397,0.6484375,0.6484375,,,,,,,,,
532,4500480,136192,0.15964748885812344,0.69140625,0.69140625,,,,,,,,,
533,4508928,136448,0.15758250094485476,0.65234375,0.65234375,,,,,,,,,
534,4517376,136704,0.16531406406590973,0.6875,0.6875,,,,,,,,,
535,4527872,136960,0.12660975423981452,0.69140625,0.69140625,,,,,,,,,
536,4536320,137216,0.15891491756486573,0.6953125,0.6953125,,,,,,,,,
537,4544768,137472,0.15927534604837146,0.75,0.75,,,,,,,,,
538,4553216,137728,0.16048669551344188,0.703125,0.703125,,,,,,,,,
539,4561664,137984,0.15843787251355068,0.69140625,0.69140625,,,,,,,,,
540,4570112,138240,0.1655962157867465,0.7109375,0.7109375,,,,,,,,,
541,4578560,138496,0.162284162528533,0.73046875,0.73046875,,,,,,,,,
542,4587008,138752,0.16437447740790875,0.671875,0.671875,,,,,,,,,
543,4595456,139008,0.15637509245643333,0.671875,0.671875,,,,,,,,,
544,4603904,139264,0.1624100981359556,0.69921875,0.69921875,,,,,,,,,
545,4612352,139520,0.15752064106986435,0.70703125,0.70703125,,,,,,,,,
546,4620800,139776,0.15877087086258268,0.73828125,0.73828125,,,,,,,,,
547,4627200,140032,0.20960269250766503,0.67578125,0.67578125,,,,,,,,,
548,4635648,140288,0.15663138948594485,0.7109375,0.7109375,,,,,,,,,
549,4644096,140544,0.15650511958207036,0.734375,0.734375,,,,,,,,,
550,4652544,140800,0.1609459776774304,0.71875,0.71875,0.1714945927929814,0.625,0.625,,,,,,
551,4660992,141056,0.16049252576538045,0.64453125,0.64453125,,,,,,,,,
552,4669440,141312,0.15775973487320555,0.67578125,0.67578125,,,,,,,,,
553,4677888,141568,0.160945687476781,0.7265625,0.7265625,,,,,,,,,
554,4686336,141824,0.1605468861824944,0.6640625,0.6640625,,,,,,,,,
555,4694784,142080,0.1562934718095544,0.67578125,0.67578125,,,,,,,,,
556,4703232,142336,0.15607046415488934,0.73046875,0.73046875,,,,,,,,,
557,4711680,142592,0.15815049376151638,0.7109375,0.7109375,,,,,,,,,
558,4720128,142848,0.16045958164178828,0.703125,0.703125,,,,,,,,,
559,4728576,143104,0.16161991297505304,0.66015625,0.66015625,,,,,,,,,
560,4737024,143360,0.1605593468601363,0.640625,0.640625,,,,,,,,,
561,4745472,143616,0.15376226493062342,0.6640625,0.6640625,,,,,,,,,
562,4753920,143872,0.16414280411156812,0.6875,0.6875,,,,,,,,,
563,4762368,144128,0.16308569992003955,0.671875,0.671875,,,,,,,,,
564,4770816,144384,0.1522571157356642,0.70703125,0.70703125,,,,,,,,,
565,4779264,144640,0.15475151675965004,0.69140625,0.69140625,,,,,,,,,
566,4789760,144896,0.1255114341872748,0.6953125,0.6953125,,,,,,,,,
567,4798208,145152,0.15592996922992464,0.66796875,0.66796875,,,,,,,,,
568,4806656,145408,0.1611734345052817,0.6953125,0.6953125,,,,,,,,,
569,4817152,145664,0.12850199624806224,0.67578125,0.67578125,,,,,,,,,
570,4825600,145920,0.15092743706742315,0.6875,0.6875,,,,,,,,,
571,4834048,146176,0.16087821899218613,0.6640625,0.6640625,,,,,,,,,
572,4842496,146432,0.161389836396698,0.6640625,0.6640625,0.136464325007998,0.625,0.625,,,,,,
573,4850944,146688,0.15655947709769522,0.67578125,0.67578125,,,,,,,,,
574,4859392,146944,0.16247054314054876,0.66796875,0.66796875,,,,,,,,,
575,4867840,147200,0.15765463651953365,0.69140625,0.69140625,,,,,,,,,
576,4876288,147456,0.15938139017187608,0.7265625,0.7265625,,,,,,,,,
577,4884736,147712,0.16095285045736327,0.75,0.75,,,,,,,,,
578,4893184,147968,0.16160525011369295,0.67578125,0.67578125,,,,,,,,,
579,4901632,148224,0.16186094843474405,0.6875,0.6875,,,,,,,,,
580,4910080,148480,0.16108394241511528,0.64453125,0.64453125,,,,,,,,,
581,4918528,148736,0.1629606617790624,0.73046875,0.73046875,,,,,,,,,
582,4931072,148992,0.10931337588633722,0.70703125,0.70703125,,,,,,,,,
583,4939520,149248,0.1616488570049411,0.69140625,0.69140625,,,,,,,,,
584,4947968,149504,0.1642244252518068,0.65234375,0.65234375,,,,,,,,,
585,4954368,149760,0.21307043273198992,0.640625,0.640625,,,,,,,,,
586,4962816,150016,0.15910175318465672,0.70703125,0.70703125,,,,,,,,,
587,4971264,150272,0.16427228865155524,0.69921875,0.69921875,,,,,,,,,
588,4979712,150528,0.1609723439186824,0.6640625,0.6640625,,,,,,,,,
589,4988160,150784,0.16295848450556072,0.6953125,0.6953125,,,,,,,,,
590,4996608,151040,0.15148067424209902,0.671875,0.671875,,,,,,,,,
591,5005056,151296,0.16059107148948343,0.69140625,0.69140625,,,,,,,,,
592,5013504,151552,0.1552131657134773,0.703125,0.703125,,,,,,,,,
593,5021952,151808,0.15878046982082364,0.69140625,0.69140625,,,,,,,,,
594,5030400,152064,0.15380887614604397,0.69921875,0.69921875,0.16682780743054812,0.58984375,0.58984375,,,,,,
595,5038848,152320,0.1585002875054268,0.7265625,0.7265625,,,,,,,,,
596,5047296,152576,0.15368439460483624,0.72265625,0.72265625,,,,,,,,,
597,5055744,152832,0.15901496497708098,0.72265625,0.72265625,,,,,,,,,
598,5064192,153088,0.16215538547167282,0.734375,0.734375,,,,,,,,,
599,5072640,153344,0.16065269043789487,0.6875,0.6875,,,,,,,,,
600,5081088,153600,0.15774235346078697,0.62109375,0.62109375,,,,,,,,,
601,5089536,153856,0.16200495377313454,0.59765625,0.59765625,,,,,,,,,
602,5097984,154112,0.16424882480877695,0.6875,0.6875,,,,,,,,,
603,5106432,154368,0.15878445547181205,0.7421875,0.7421875,,,,,,,,,
604,5114880,154624,0.16179315068428393,0.66015625,0.66015625,,,,,,,,,
605,5123328,154880,0.1606149224458127,0.66796875,0.66796875,,,,,,,,,
606,5131776,155136,0.15563315923180487,0.69140625,0.69140625,,,,,,,,,
607,5140224,155392,0.15511760296561336,0.74609375,0.74609375,,,,,,,,,
608,5146624,155648,0.20677799244339726,0.7109375,0.7109375,,,,,,,,,
609,5155072,155904,0.168219490922716,0.66015625,0.66015625,,,,,,,,,
610,5163520,156160,0.1615286881541867,0.703125,0.703125,,,,,,,,,
611,5171968,156416,0.16000199308660554,0.703125,0.703125,,,,,,,,,
612,5182464,156672,0.12494385320413441,0.71484375,0.71484375,,,,,,,,,
613,5190912,156928,0.15923546080497297,0.6953125,0.6953125,,,,,,,,,
614,5199360,157184,0.16229379652339662,0.7265625,0.7265625,,,,,,,,,
615,5207808,157440,0.1619730081485592,0.6640625,0.6640625,,,,,,,,,
616,5216256,157696,0.15758476173544364,0.7109375,0.7109375,0.168722242284506,0.63671875,0.63671875,,,,,,
617,5224704,157952,0.1670631544554937,0.6640625,0.6640625,,,,,,,,,
618,5233152,158208,0.15994620995071315,0.6953125,0.6953125,,,,,,,,,
619,5241600,158464,0.15744989995301686,0.671875,0.671875,,,,,,,,,
620,5250048,158720,0.15819227571366307,0.6875,0.6875,,,,,,,,,
621,5258496,158976,0.15934152908667673,0.69140625,0.69140625,,,,,,,,,
622,5266944,159232,0.16109621843178393,0.64453125,0.64453125,,,,,,,,,
623,5275392,159488,0.15712044070296746,0.67578125,0.67578125,,,,,,,,,
624,5283840,159744,0.16172881091540747,0.7109375,0.7109375,,,,,,,,,
625,5292288,160000,0.16078161735357394,0.63671875,0.63671875,,,,,,,,,
626,5300736,160256,0.16183629327956298,0.70703125,0.70703125,,,,,,,,,
627,5309184,160512,0.15579204078330955,0.68359375,0.68359375,,,,,,,,,
628,5317632,160768,0.15684622274323512,0.7734375,0.7734375,,,,,,,,,
629,5326080,161024,0.15882509713761844,0.6875,0.6875,,,,,,,,,
630,5334528,161280,0.15651646095249017,0.69921875,0.69921875,,,,,,,,,
631,5342976,161536,0.16191846653467928,0.70703125,0.70703125,,,,,,,,,
632,5351424,161792,0.15362798353019033,0.703125,0.703125,,,,,,,,,
633,5359872,162048,0.151366211381357,0.72265625,0.72265625,,,,,,,,,
634,5368320,162304,0.1643202945757495,0.7109375,0.7109375,,,,,,,,,
635,5376768,162560,0.15422552532860354,0.6796875,0.6796875,,,,,,,,,
636,5385216,162816,0.1614157537081146,0.73046875,0.73046875,,,,,,,,,
637,5393664,163072,0.15349512576045624,0.76171875,0.76171875,,,,0.6449999809265137,0.630859375,0.6605316973415133,0.7035024952076805,0.6728026150021484,0.6453546453546454
638,5402112,163328,0.15454027249421656,0.7109375,0.7109375,0.13436403875435815,0.6484375,0.6484375,,,,,,
639,5410560,163584,0.15168628200013637,0.69921875,0.69921875,,,,,,,,,
640,5419008,163840,0.15633004758791078,0.73046875,0.73046875,,,,,,,,,
641,5427456,164096,0.15722438020822574,0.71484375,0.71484375,,,,,,,,,
642,5435904,164352,0.15180211525055473,0.7421875,0.7421875,,,,,,,,,
643,5444352,164608,0.15575886109871856,0.65625,0.65625,,,,,,,,,
644,5452800,164864,0.14874201270458118,0.7265625,0.7265625,,,,,,,,,
645,5461248,165120,0.15829092815170984,0.703125,0.703125,,,,,,,,,
646,5469696,165376,0.15206054706645794,0.734375,0.734375,,,,,,,,,
647,5478144,165632,0.15624906207344996,0.7578125,0.7578125,,,,,,,,,
648,5486592,165888,0.15529536762101764,0.76171875,0.76171875,,,,,,,,,
649,5495040,166144,0.15557297936283251,0.7421875,0.7421875,,,,,,,,,
650,5503488,166400,0.15517921283412453,0.81640625,0.81640625,,,,,,,,,
651,5511936,166656,0.15841023609917607,0.78125,0.78125,,,,,,,,,
652,5520384,166912,0.15414173873531595,0.76171875,0.76171875,,,,,,,,,
653,5528832,167168,0.1569872781149816,0.765625,0.765625,,,,,,,,,
654,5537280,167424,0.15169120962762347,0.7890625,0.7890625,,,,,,,,,
655,5545728,167680,0.15540457462219673,0.7109375,0.7109375,,,,,,,,,
656,5556224,167936,0.12378658661144593,0.6796875,0.6796875,,,,,,,,,
657,5564672,168192,0.15355465299556556,0.765625,0.765625,,,,,,,,,
658,5573120,168448,0.1484770805993045,0.734375,0.734375,,,,,,,,,
659,5583616,168704,0.12582906211905542,0.7578125,0.7578125,,,,,,,,,
660,5592064,168960,0.15434536434954435,0.71875,0.71875,0.17062592878255173,0.66796875,0.66796875,,,,,,
661,5600512,169216,0.15661685983401802,0.75390625,0.75390625,,,,,,,,,
662,5608960,169472,0.1556235940028976,0.7578125,0.7578125,,,,,,,,,
663,5617408,169728,0.15379328855908708,0.71484375,0.71484375,,,,,,,,,
664,5625856,169984,0.1504224973059591,0.80859375,0.80859375,,,,,,,,,
665,5634304,170240,0.15793017625547415,0.76953125,0.76953125,,,,,,,,,
666,5642752,170496,0.15443601300701623,0.76171875,0.76171875,,,,,,,,,
667,5651200,170752,0.1578944806054109,0.66015625,0.66015625,,,,,,,,,
668,5659648,171008,0.15336456537945967,0.79296875,0.79296875,,,,,,,,,
669,5668096,171264,0.15260393394712232,0.71875,0.71875,,,,,,,,,
670,5676544,171520,0.1537474701512455,0.74609375,0.74609375,,,,,,,,,
671,5684992,171776,0.15795784226758738,0.7265625,0.7265625,,,,,,,,,
672,5693440,172032,0.15118802177984567,0.78125,0.78125,,,,,,,,,
673,5701888,172288,0.15158733231925847,0.73046875,0.73046875,,,,,,,,,
674,5710336,172544,0.15244166212816493,0.76171875,0.76171875,,,,,,,,,
675,5718784,172800,0.15278226641788648,0.7734375,0.7734375,,,,,,,,,
676,5725184,173056,0.2024900304438497,0.7578125,0.7578125,,,,,,,,,
677,5735680,173312,0.12498347432227488,0.68359375,0.68359375,,,,,,,,,
678,5744128,173568,0.1543296839803827,0.76171875,0.76171875,,,,,,,,,
679,5752576,173824,0.15344868048573573,0.73046875,0.73046875,,,,,,,,,
680,5761024,174080,0.15878291929141003,0.71875,0.71875,,,,,,,,,
681,5769472,174336,0.15275317447535597,0.7734375,0.7734375,,,,,,,,,
682,5777920,174592,0.1538960944159885,0.73046875,0.73046875,0.1695127374587739,0.66015625,0.66015625,,,,,,
683,5786368,174848,0.14893819737165342,0.7265625,0.7265625,,,,,,,,,
684,5794816,175104,0.15554984581953277,0.69140625,0.69140625,,,,,,,,,
685,5803264,175360,0.1513610060569449,0.75,0.75,,,,,,,,,
686,5811712,175616,0.14940748267251772,0.79296875,0.79296875,,,,,,,,,
687,5822208,175872,0.12414699969822578,0.76171875,0.76171875,,,,,,,,,
688,5828608,176128,0.20506378984023774,0.765625,0.765625,,,,,,,,,
689,5837056,176384,0.15488065252228386,0.6953125,0.6953125,,,,,,,,,
690,5845504,176640,0.15687093833744226,0.73828125,0.73828125,,,,,,,,,
691,5853952,176896,0.15191275629952475,0.6796875,0.6796875,,,,,,,,,
692,5862400,177152,0.15411452506672585,0.74609375,0.74609375,,,,,,,,,
693,5872896,177408,0.12519317622785792,0.7109375,0.7109375,,,,,,,,,
694,5881344,177664,0.15477016206883829,0.7421875,0.7421875,,,,,,,,,
695,5889792,177920,0.15603348369421344,0.7265625,0.7265625,,,,,,,,,
696,5898240,178176,0.15922585647755028,0.73046875,0.73046875,,,,,,,,,
697,5906688,178432,0.15423852571646768,0.73046875,0.73046875,,,,,,,,,
698,5915136,178688,0.15720307607042883,0.75390625,0.75390625,,,,,,,,,
699,5923584,178944,0.15315558693974482,0.765625,0.765625,,,,,,,,,
700,5932032,179200,0.1510693143314671,0.77734375,0.77734375,,,,,,,,,
701,5940480,179456,0.1527650830049429,0.7109375,0.7109375,,,,,,,,,
702,5950976,179712,0.1257215083904038,0.80078125,0.80078125,,,,,,,,,
703,5959424,179968,0.1497419690630519,0.71484375,0.71484375,,,,,,,,,
704,5967872,180224,0.1546618524058034,0.73828125,0.73828125,0.13065215534336977,0.63671875,0.63671875,,,,,,
705,5976320,180480,0.15610917364053392,0.76171875,0.76171875,,,,,,,,,
706,5984768,180736,0.15831060596136584,0.6953125,0.6953125,,,,,,,,,
707,5993216,180992,0.15538910629814226,0.72265625,0.72265625,,,,,,,,,
708,6001664,181248,0.15761851690938822,0.7578125,0.7578125,,,,,,,,,
709,6010112,181504,0.16138312352601947,0.69921875,0.69921875,,,,,,,,,
710,6018560,181760,0.15394558146160806,0.75390625,0.75390625,,,,,,,,,
711,6027008,182016,0.15274588386373852,0.7734375,0.7734375,,,,,,,,,
712,6035456,182272,0.15191119371253933,0.75390625,0.75390625,,,,,,,,,
713,6043904,182528,0.15801750971400697,0.74609375,0.74609375,,,,,,,,,
714,6052352,182784,0.157071248022162,0.76953125,0.76953125,,,,,,,,,
715,6060800,183040,0.15404494266022223,0.71875,0.71875,,,,,,,,,
716,6069248,183296,0.15192450480360573,0.71875,0.71875,,,,,,,,,
717,6077696,183552,0.16124985747592102,0.73046875,0.73046875,,,,,,,,,
718,6086144,183808,0.15440761710170364,0.72265625,0.72265625,,,,,,,,,
719,6096640,184064,0.12650323948357606,0.73828125,0.73828125,,,,,,,,,
720,6105088,184320,0.15531776240267006,0.7265625,0.7265625,,,,,,,,,
721,6113536,184576,0.15481742837092563,0.7890625,0.7890625,,,,,,,,,
722,6121984,184832,0.15384213512702122,0.7109375,0.7109375,,,,,,,,,
723,6130432,185088,0.15677232333650795,0.74609375,0.74609375,,,,,,,,,
724,6138880,185344,0.15102032310024777,0.80078125,0.80078125,,,,,,,,,
725,6147328,185600,0.160164921531265,0.7421875,0.7421875,0.17561034101349723,0.62109375,0.62109375,,,,,,
726,6155776,185856,0.15035286960206376,0.73046875,0.73046875,,,,,,,,,
727,6164224,186112,0.15588158779024525,0.75,0.75,,,,,,,,,
728,6172672,186368,0.15318012322903332,0.73046875,0.73046875,,,,,,,,,
729,6179072,186624,0.20301169646107972,0.6953125,0.6953125,,,,,,,,,
730,6187520,186880,0.15117105548456095,0.75390625,0.75390625,,,,,,,,,
731,6195968,187136,0.15278322497676242,0.7578125,0.7578125,,,,,,,,,
732,6204416,187392,0.1540560350092568,0.77734375,0.77734375,,,,,,,,,
733,6212864,187648,0.14736464017894346,0.78515625,0.78515625,,,,,,,,,
734,6221312,187904,0.15534387217596088,0.75390625,0.75390625,,,,,,,,,
735,6229760,188160,0.15897814347040481,0.703125,0.703125,,,,,,,,,
736,6238208,188416,0.1502438035109508,0.72265625,0.72265625,,,,,,,,,
737,6246656,188672,0.1497678346675922,0.73046875,0.73046875,,,,,,,,,
738,6255104,188928,0.1564325503362519,0.7734375,0.7734375,,,,,,,,,
739,6263552,189184,0.15358892034991095,0.7421875,0.7421875,,,,,,,,,
740,6272000,189440,0.15910619020719868,0.75,0.75,,,,,,,,,
741,6280448,189696,0.15757139220980326,0.765625,0.765625,,,,,,,,,
742,6288896,189952,0.15002516124048382,0.7890625,0.7890625,,,,,,,,,
743,6297344,190208,0.14336040851244042,0.7890625,0.7890625,,,,,,,,,
744,6305792,190464,0.14890162888115108,0.7265625,0.7265625,,,,,,,,,
745,6314240,190720,0.15324958366499397,0.73046875,0.73046875,,,,,,,,,
746,6322688,190976,0.15599421217689421,0.72265625,0.72265625,,,,,,,,,
747,6331136,191232,0.15447457038016787,0.71875,0.71875,0.1706308174102961,0.63671875,0.63671875,,,,,,
748,6339584,191488,0.1483048417685401,0.75,0.75,,,,,,,,,
749,6348032,191744,0.15906200531364217,0.71484375,0.71484375,,,,,,,,,
750,6356480,192000,0.1556832987494274,0.7421875,0.7421875,,,,,,,,,
751,6364928,192256,0.15445387223265186,0.8046875,0.8046875,,,,,,,,,
752,6373376,192512,0.1475100801535105,0.69921875,0.69921875,,,,,,,,,
753,6381824,192768,0.1598171675537615,0.765625,0.765625,,,,,,,,,
754,6390272,193024,0.1532564223402304,0.75,0.75,,,,,,,,,
755,6398720,193280,0.15038755041794302,0.82421875,0.82421875,,,,,,,,,
756,6407168,193536,0.15658079701321423,0.765625,0.765625,,,,,,,,,
757,6415616,193792,0.15540009788471554,0.73046875,0.73046875,,,,,,,,,
758,6424064,194048,0.149685432082897,0.75,0.75,,,,,,,,,
759,6436608,194304,0.10151240024632657,0.69921875,0.69921875,,,,,,,,,
760,6445056,194560,0.15712539030145012,0.71484375,0.71484375,,,,,,,,,
761,6453504,194816,0.15931058153113958,0.75,0.75,,,,,,,,,
762,6461952,195072,0.15358643039430153,0.765625,0.765625,,,,,,,,,
763,6470400,195328,0.15617499101333382,0.75390625,0.75390625,,,,,,,,,
764,6478848,195584,0.15219719225436706,0.79296875,0.79296875,,,,,,,,,
765,6487296,195840,0.15771077682532417,0.76953125,0.76953125,,,,,,,,,
766,6495744,196096,0.15079525700531424,0.72265625,0.72265625,,,,,,,,,
767,6504192,196352,0.15781202639182682,0.7109375,0.7109375,,,,,,,,,
768,6512640,196608,0.1547349290412787,0.765625,0.765625,,,,,,,,,
769,6521088,196864,0.15701129273757775,0.70703125,0.70703125,0.1673016966770745,0.6171875,0.6171875,,,,,,
770,6529536,197120,0.15604878287335697,0.734375,0.734375,,,,,,,,,
771,6537984,197376,0.14636636333325848,0.75,0.75,,,,,,,,,
772,6546432,197632,0.14613219795293556,0.7890625,0.7890625,,,,,,,,,
773,6554880,197888,0.16007102953863137,0.75390625,0.75390625,,,,,,,,,
774,6563328,198144,0.15494481856036788,0.7578125,0.7578125,,,,,,,,,
775,6571776,198400,0.15966813094248758,0.703125,0.703125,,,,,,,,,
776,6580224,198656,0.1526599133570156,0.76171875,0.76171875,,,,,,,,,
777,6588672,198912,0.14986216774556688,0.7734375,0.7734375,,,,,,,,,
778,6597120,199168,0.15234484406687054,0.75390625,0.75390625,,,,,,,,,
779,6605568,199424,0.152230841207952,0.78515625,0.78515625,,,,,,,,,
780,6611968,199680,0.19998914504379062,0.73828125,0.73828125,,,,,,,,,
781,6620416,199936,0.15660200168372188,0.77734375,0.77734375,,,,,,,,,
782,6628864,200192,0.15633691960734836,0.73828125,0.73828125,,,,,,,,,
783,6637312,200448,0.15079180018149507,0.7421875,0.7421875,,,,,,,,,
784,6645760,200704,0.1504435754718369,0.7265625,0.7265625,,,,,,,,,
785,6654208,200960,0.15724655142242552,0.7734375,0.7734375,,,,,,,,,
786,6662656,201216,0.15636306220305193,0.796875,0.796875,,,,,,,,,
787,6671104,201472,0.1523087277029333,0.7578125,0.7578125,,,,,,,,,
788,6679552,201728,0.15908260545862507,0.76171875,0.76171875,,,,,,,,,
789,6688000,201984,0.1545287486594874,0.734375,0.734375,,,,,,,,,
790,6696448,202240,0.15421649621462472,0.7421875,0.7421875,,,,,,,,,
791,6704896,202496,0.15606998196327782,0.73046875,0.73046875,0.17273676746400193,0.65234375,0.65234375,,,,,,
792,6713344,202752,0.15982108205053275,0.7578125,0.7578125,,,,,,,,,
793,6721792,203008,0.15047754771768937,0.76171875,0.76171875,,,,,,,,,
794,6730240,203264,0.15632254714213054,0.76171875,0.76171875,,,,,,,,,
795,6738688,203520,0.15971553188145748,0.72265625,0.72265625,,,,,,,,,
796,6747136,203776,0.15811067301063195,0.71484375,0.71484375,,,,,,,,,
797,6755584,204032,0.15347103601734383,0.7265625,0.7265625,,,,,,,,,
798,6764032,204288,0.15068630869610705,0.8046875,0.8046875,,,,,,,,,
799,6772480,204544,0.14998255187127038,0.80078125,0.80078125,,,,,,,,,
800,6780928,204800,0.15799119187465044,0.7578125,0.7578125,,,,,,,,,
801,6789376,205056,0.1536388866363811,0.7578125,0.7578125,,,,,,,,,
802,6797824,205312,0.15454268336006333,0.71484375,0.71484375,,,,,,,,,
803,6806272,205568,0.15448439052448276,0.6953125,0.6953125,,,,,,,,,
804,6814720,205824,0.15461755880264447,0.80859375,0.80859375,,,,,,,,,
805,6823168,206080,0.1583830611132831,0.76953125,0.76953125,,,,,,,,,
806,6831616,206336,0.14982807649208646,0.79296875,0.79296875,,,,,,,,,
807,6840064,206592,0.15891927141824377,0.71875,0.71875,,,,,,,,,
808,6848512,206848,0.15081097139267463,0.765625,0.765625,,,,,,,,,
809,6856960,207104,0.15752070573178242,0.73828125,0.73828125,,,,,,,,,
810,6865408,207360,0.16093622462772536,0.734375,0.734375,,,,,,,,,
811,6873856,207616,0.15241402332195614,0.77734375,0.77734375,,,,,,,,,
812,6882304,207872,0.1564945819468123,0.75,0.75,0.13542112476971202,0.62890625,0.62890625,,,,,,
813,6888704,208128,0.20886635556929614,0.7578125,0.7578125,,,,,,,,,
814,6897152,208384,0.15553043586678286,0.734375,0.734375,,,,,,,,,
815,6905600,208640,0.1540682274901343,0.7578125,0.7578125,,,,,,,,,
816,6914048,208896,0.15199579432941404,0.75390625,0.75390625,,,,,,,,,
817,6922496,209152,0.15427427805534846,0.75390625,0.75390625,,,,,,,,,
818,6930944,209408,0.1565050244894884,0.7734375,0.7734375,,,,,,,,,
819,6937344,209664,0.2017458569690654,0.7578125,0.7578125,,,,,,,,,
820,6945792,209920,0.15762922379136443,0.6875,0.6875,,,,,,,,,
821,6954240,210176,0.15457004378559297,0.76953125,0.76953125,,,,,,,,,
822,6962688,210432,0.1545253114543239,0.8125,0.8125,,,,,,,,,
823,6971136,210688,0.155544029476637,0.7421875,0.7421875,,,,,,,,,
824,6979584,210944,0.15132226559203552,0.7421875,0.7421875,,,,,,,,,
825,6988032,211200,0.15070375307672973,0.77734375,0.77734375,,,,,,,,,
826,6996480,211456,0.15717718187780294,0.71484375,0.71484375,,,,,,,,,
827,7004928,211712,0.1531251455670029,0.7734375,0.7734375,,,,,,,,,
828,7013376,211968,0.14944652778623735,0.75,0.75,,,,,,,,,
829,7021824,212224,0.15496172042494144,0.73828125,0.73828125,,,,,,,,,
830,7030272,212480,0.15268525433058516,0.7265625,0.7265625,,,,,,,,,
831,7038720,212736,0.15122561775074783,0.76171875,0.76171875,,,,,,,,,
832,7047168,212992,0.15499163636008534,0.71875,0.71875,,,,,,,,,
833,7055616,213248,0.15578382164856378,0.77734375,0.77734375,,,,,,,,,
834,7064064,213504,0.14925141942500011,0.76953125,0.76953125,0.16835837469163525,0.6328125,0.6328125,,,,,,
835,7072512,213760,0.1529038836902184,0.6484375,0.6484375,,,,,,,,,
836,7080960,214016,0.15551645126282096,0.67578125,0.67578125,,,,,,,,,
837,7089408,214272,0.15011226998649213,0.76171875,0.76171875,,,,,,,,,
838,7097856,214528,0.15151368298132958,0.7109375,0.7109375,,,,,,,,,
839,7106304,214784,0.15568159120503253,0.75390625,0.75390625,,,,,,,,,
840,7114752,215040,0.1529944957051597,0.74609375,0.74609375,,,,,,,,,
841,7123200,215296,0.15569349127498833,0.75,0.75,,,,,,,,,
842,7131648,215552,0.1581378035657681,0.7421875,0.7421875,,,,,,,,,
843,7140096,215808,0.14980319087405314,0.765625,0.765625,,,,,,,,,
844,7148544,216064,0.1571240590222759,0.76171875,0.76171875,,,,,,,,,
845,7156992,216320,0.15363177939892958,0.734375,0.734375,,,,,,,,,
846,7165440,216576,0.15119490737007218,0.75,0.75,,,,,,,,,
847,7173888,216832,0.15498589188920445,0.74609375,0.74609375,,,,0.6370000243186951,0.6235294117647059,0.6503067484662577,0.692273060161118,0.654493595606009,0.6366366366366366

